{
  "f1_score": 0.5260416666666666,
  "recall_score": 0.8307873090481787,
  "precision_score": 0.3848666303756124,
  "accuracy_score": 0.8333987184516803
}